docker stats search listings
CONTAINER ID   NAME                     CPU %     MEM USAGE / LIMIT     MEM %     NET I/O           BLOCK I/O         PIDS
8c23335b8962   pupilove_percona_mysql   94.32%    1.607GiB / 7.667GiB   20.96%    30.3MB / 59MB     69.6kB / 2.13GB   44
9aca5db51c54   pupilove_backend         39.25%    203.3MiB / 7.667GiB   2.59%     71.9MB / 33.7MB   954kB / 205kB     8
b73c88190353   pupilove_frontend        0.36%     54.83MiB / 7.667GiB   0.70%     1.41kB / 0B       0B / 205kB        3

docker stats make reservation
CONTAINER ID   NAME                     CPU %     MEM USAGE / LIMIT     MEM %     NET I/O         BLOCK I/O         PIDS
8c23335b8962   pupilove_percona_mysql   152.22%   2.362GiB / 7.667GiB   30.80%    116MB / 354MB   69.6kB / 4.91GB   130
9aca5db51c54   pupilove_backend         316.00%   339MiB / 7.667GiB     4.32%     398MB / 121MB   954kB / 205kB     52
b73c88190353   pupilove_frontend        0.96%     54.84MiB / 7.667GiB   0.70%     1.48kB / 0B     0B / 205kB        3

SELECT
    COUNT_STAR AS exec_count,
    SUM_TIMER_WAIT/1000000000000 AS total_time_sec,
    DIGEST_TEXT AS query
FROM performance_schema.events_statements_summary_by_digest
ORDER BY SUM_TIMER_WAIT DESC
LIMIT 10;

+------------+----------------+-------------------------------------------------------------------------------------------------------------------------------------------------------------------------------------------------------------------------------------------------------------------------------------------------------------------------------------------------------------------------------------------------------------------------------------------------------------------------------------------------------------------------------------------------------------------------------------------------------------------------------------------------------------------------------------------------------------------------------------------------------------------------------------------------+
| exec_count | total_time_sec | query                                                                                                                                                                                                                                                                                                                                                                                                                                                                                                                                                                                                                                                                                                                                                                                           |
+------------+----------------+-------------------------------------------------------------------------------------------------------------------------------------------------------------------------------------------------------------------------------------------------------------------------------------------------------------------------------------------------------------------------------------------------------------------------------------------------------------------------------------------------------------------------------------------------------------------------------------------------------------------------------------------------------------------------------------------------------------------------------------------------------------------------------------------------+
|      12970 |      2461.2964 | SELECT `listings` . `id` , `listings` . `title` , `listings` . `creator_user_id` , `listings` . `published_at` , `listings` . `animal_category_id` , `listings` . `age` , `listings` . `location_id` , `listings` . `description` , `listings` . `status` , `locations` . `name` AS `location_name` , `animal_categories` . `animal_type` , `users` . `username` AS `creator_user_name` FROM `listings` JOIN `locations` ON `listings` . `location_id` = `locations` . `id` JOIN `animal_categories` ON `listings` . `animal_category_id` = `animal_categories` . `id` JOIN `users` ON `listings` . `creator_user_id` = `users` . `id` WHERE `listings` . `status` = ? AND ( `listings` . `title` LIKE ? OR `listings` . `description` LIKE ? ) AND `listings` . `animal_category_id` IN (...)  |
|      17155 |       392.9729 | SELECT COUNT ( * ) AS `position_in_queue` FROM `reservations` WHERE `listing_id` = ? AND `created_at` <= ( SELECT `created_at` FROM `reservations` WHERE `id` = ? )                                                                                                                                                                                                                                                                                                                                                                                                                                                                                                                                                                                                                             |
|      17148 |       207.6961 | SELECT `id` FROM `reservations` WHERE `listing_id` = ? AND `reserver_user_id` = ?                                                                                                                                                                                                                                                                                                                                                                                                                                                                                                                                                                                                                                                                                                               |
|         10 |       133.0318 | INSERT INTO `listings` ( `title` , `creator_user_id` , `animal_category_id` , `age` , `location_id` , `description` ) VALUES (...) /* , ... */                                                                                                                                                                                                                                                                                                                                                                                                                                                                                                                                                                                                                                                  |
|          9 |        94.8181 | DELETE FROM `listings`                                                                                                                                                                                                                                                                                                                                                                                                                                                                                                                                                                                                                                                                                                                                                                          |
|         10 |        26.2159 | INSERT INTO `reservations` ( `listing_id` , `reserver_user_id` ) VALUES (...) /* , ... */                                                                                                                                                                                                                                                                                                                                                                                                                                                                                                                                                                                                                                                                                                       |
|      17158 |        25.4810 | COMMIT                                                                                                                                                                                                                                                                                                                                                                                                                                                                                                                                                                                                                                                                                                                                                                                          |
|          9 |        21.8564 | DELETE FROM `locations`                                                                                                                                                                                                                                                                                                                                                                                                                                                                                                                                                                                                                                                                                                                                                                         |
|         10 |        21.1824 | INSERT INTO `locations` ( NAME , `gps_coordinates` ) VALUES (...) /* , ... */                                                                                                                                                                                                                                                                                                                                                                                                                                                                                                                                                                                                                                                                                                                   |
|          9 |        17.0119 | DELETE FROM `reservations`                                                                                                                                                                                                                                                                                                                                                                                                                                                                                                                                                                                                                                                                                                                                                                      |
+------------+----------------+-------------------------------------------------------------------------------------------------------------------------------------------------------------------------------------------------------------------------------------------------------------------------------------------------------------------------------------------------------------------------------------------------------------------------------------------------------------------------------------------------------------------------------------------------------------------------------------------------------------------------------------------------------------------------------------------------------------------------------------------------------------------------------------------------+


mysql> EXPLAIN
    -> SELECT `listings`.`id`, `listings`.`title`, `listings`.`creator_user_id`,
    ->        `listings`.`published_at`, `listings`.`animal_category_id`, `listings`.`age`,
    ->        `listings`.`location_id`, `listings`.`description`, `listings`.`status`,
    ->        `locations`.`name` AS `location_name`,
    ->        `animal_categories`.`animal_type`,
    ->        `users`.`username` AS `creator_user_name`
    -> FROM `listings`
    -> JOIN `locations` ON `listings`.`location_id` = `locations`.`id`
    -> JOIN `animal_categories` ON `listings`.`animal_category_id` = `animal_categories`.`id`
    -> JOIN `users` ON `listings`.`creator_user_id` = `users`.`id`
    -> WHERE `listings`.`status` = 'published'
    ->   AND (`listings`.`title` LIKE '%pies%' OR `listings`.`description` LIKE '%pies%')
    ->   AND `listings`.`animal_category_id` IN (1, 2, 3);
+----+-------------+-------------------+------------+--------+------------------------------------------------+---------+---------+--------------------------------------+--------+----------+-------------+
| id | select_type | table             | partitions | type   | possible_keys                                  | key     | key_len | ref                                  | rows   | filtered | Extra       |
+----+-------------+-------------------+------------+--------+------------------------------------------------+---------+---------+--------------------------------------+--------+----------+-------------+
|  1 | SIMPLE      | listings          | NULL       | ALL    | creator_user_id,animal_category_id,location_id | NULL    | NULL    | NULL                                 | 248050 |     0.56 | Using where |
|  1 | SIMPLE      | animal_categories | NULL       | eq_ref | PRIMARY                                        | PRIMARY | 4       | pupilove.listings.animal_category_id |      1 |   100.00 | NULL        |
|  1 | SIMPLE      | users             | NULL       | eq_ref | PRIMARY                                        | PRIMARY | 4       | pupilove.listings.creator_user_id    |      1 |   100.00 | NULL        |
|  1 | SIMPLE      | locations         | NULL       | eq_ref | PRIMARY                                        | PRIMARY | 4       | pupilove.listings.location_id        |      1 |   100.00 | NULL        |
+----+-------------+-------------------+------------+--------+------------------------------------------------+---------+---------+--------------------------------------+--------+----------+-------------+
4 rows in set, 1 warning (0.00 sec)


mysql> EXPLAIN
    -> SELECT COUNT(*) AS `position_in_queue`
    -> FROM `reservations`
    -> WHERE `listing_id` = 123
    ->   AND `created_at` <= (
    ->       SELECT `created_at`
    ->       FROM `reservations`
    ->       WHERE `id` = 456
    ->   );
+----+-------------+--------------+------------+-------+---------------+------------+---------+-------+------+----------+-------------+
| id | select_type | table        | partitions | type  | possible_keys | key        | key_len | ref   | rows | filtered | Extra       |
+----+-------------+--------------+------------+-------+---------------+------------+---------+-------+------+----------+-------------+
|  1 | PRIMARY     | reservations | NULL       | ref   | listing_id    | listing_id | 4       | const |    1 |    33.33 | Using where |
|  2 | SUBQUERY    | reservations | NULL       | const | PRIMARY       | PRIMARY    | 4       | const |    1 |   100.00 | NULL        |
+----+-------------+--------------+------------+-------+---------------+------------+---------+-------+------+----------+-------------+
2 rows in set, 1 warning (0.00 sec)


mysql> EXPLAIN
    -> SELECT `id`
    -> FROM `reservations`
    -> WHERE `listing_id` = 123
    ->   AND `reserver_user_id` = 789;
+----+-------------+--------------+------------+------+-----------------------------+------------+---------+-------+------+----------+-------------+
| id | select_type | table        | partitions | type | possible_keys               | key        | key_len | ref   | rows | filtered | Extra       |
+----+-------------+--------------+------------+------+-----------------------------+------------+---------+-------+------+----------+-------------+
|  1 | SIMPLE      | reservations | NULL       | ref  | listing_id,reserver_user_id | listing_id | 4       | const |    1 |     5.00 | Using where |
+----+-------------+--------------+------------+------+-----------------------------+------------+---------+-------+------+----------+-------------+
1 row in set, 1 warning (0.00 sec)


mysql> EXPLAIN INSERT INTO reservations (listing_id, reserver_user_id) VALUES (123, 456);
+----+-------------+--------------+------------+------+-----------------------------+------+---------+------+------+----------+-------+
| id | select_type | table        | partitions | type | possible_keys               | key  | key_len | ref  | rows | filtered | Extra |
+----+-------------+--------------+------------+------+-----------------------------+------+---------+------+------+----------+-------+
|  1 | INSERT      | reservations | NULL       | ALL  | listing_id,reserver_user_id | NULL | NULL    | NULL | NULL |     NULL | NULL  |
+----+-------------+--------------+------------+------+-----------------------------+------+---------+------+------+----------+-------+
1 row in set (0.00 sec)
